{
  "function": {
    "taxiapp234b9e18234b9e18PostConfirmation": {
      "build": true,
      "providerPlugin": "awscloudformation",
      "service": "Lambda"
    }
  },
  "auth": {
    "taxiapp234b9e18234b9e18": {
      "service": "Cognito",
      "providerPlugin": "awscloudformation",
      "dependsOn": [
        {
          "category": "function",
          "resourceName": "taxiapp234b9e18234b9e18PostConfirmation",
          "triggerProvider": "Cognito",
          "attributes": [
            "Arn",
            "Name"
          ]
        }
      ],
      "customAuth": false
    }
  },
  "api": {
    "taxiapp": {
      "service": "AppSync",
      "providerPlugin": "awscloudformation",
      "output": {
        "authConfig": {
          "defaultAuthentication": {
            "authenticationType": "AMAZON_COGNITO_USER_POOLS",
            "userPoolConfig": {
              "userPoolId": "authtaxiapp234b9e18234b9e18"
            }
          },
          "additionalAuthenticationProviders": []
        }
      }
    }
  }
}